descTipoItem;idPedido;Custo;RepPedidos (%);RepPedidosAcum (%)
ingrediente 1;1106;2935.05;23.073113402223942;23.073113402223942
ingrediente 2;1087;2639.5;20.74972583948147;43.82283924170541
ingrediente 3;1049;2548.55;20.03474665209718;63.85758589380259
ingrediente 4;962;2340.0;18.39528640438971;82.2528722981923
ingrediente 5;893;2257.55;17.747127701807692;100.0
